feature,coefficient
1,-0.43518231529999146
Fractal_dimension_zone_c,-252.47141161568976
Vessel_density_zone_c,-116.33511115977488
Average_width_zone_c,-8.860817359125306
Distance_tortuosity_zone_c,-4.151284652686587
Tortuosity_density_zone_c,-190.83967467592242
Artery_Fractal_dimension_zone_c,-409.85647086098015
Artery_Distance_tortuosity_zone_c,2.543570918720045
Vein_Fractal_dimension_zone_c,437.6248758181624
Vein_Distance_tortuosity_zone_c,-4.993283478702923
CRAE_Knudtson_zone_c,-0.36802999167960154
CRVE_Knudtson_zone_c,1.8484443903400343
AVR_Knudtson_zone_c,-74.25569643633945
Fractal_dimension_zone_c^2,147.31603654118382
Fractal_dimension_zone_c Vessel_density_zone_c,-62.70297540713995
Fractal_dimension_zone_c Average_width_zone_c,4.546549230397387
Fractal_dimension_zone_c Distance_tortuosity_zone_c,-12.682213047611958
Fractal_dimension_zone_c Tortuosity_density_zone_c,360.59681893181653
Fractal_dimension_zone_c Artery_Fractal_dimension_zone_c,368.16217537149095
Fractal_dimension_zone_c Artery_Distance_tortuosity_zone_c,1.986546687007043
Fractal_dimension_zone_c Vein_Fractal_dimension_zone_c,134.9140269435465
Fractal_dimension_zone_c Vein_Distance_tortuosity_zone_c,-12.754413385575885
Fractal_dimension_zone_c CRAE_Knudtson_zone_c,-1.9308476637316232
Fractal_dimension_zone_c CRVE_Knudtson_zone_c,-1.7810707517232223
Fractal_dimension_zone_c AVR_Knudtson_zone_c,-211.70247557832226
Vessel_density_zone_c^2,68.34229147713128
Vessel_density_zone_c Average_width_zone_c,-14.368261263489295
Vessel_density_zone_c Distance_tortuosity_zone_c,83.33268234735122
Vessel_density_zone_c Tortuosity_density_zone_c,-83.74231009670893
Vessel_density_zone_c Artery_Fractal_dimension_zone_c,42.87529705371932
Vessel_density_zone_c Artery_Distance_tortuosity_zone_c,16.54570412431234
Vessel_density_zone_c Vein_Fractal_dimension_zone_c,84.43988422924775
Vessel_density_zone_c Vein_Distance_tortuosity_zone_c,-182.7090992260955
Vessel_density_zone_c CRAE_Knudtson_zone_c,-8.581331356288421
Vessel_density_zone_c CRVE_Knudtson_zone_c,8.21452115827887
Vessel_density_zone_c AVR_Knudtson_zone_c,-63.17285023824661
Average_width_zone_c^2,0.013214228700758834
Average_width_zone_c Distance_tortuosity_zone_c,0.05058861055439057
Average_width_zone_c Tortuosity_density_zone_c,1.5052028884549218
Average_width_zone_c Artery_Fractal_dimension_zone_c,2.1858002286089415
Average_width_zone_c Artery_Distance_tortuosity_zone_c,-0.04246975484387194
Average_width_zone_c Vein_Fractal_dimension_zone_c,-3.8489111122983335
Average_width_zone_c Vein_Distance_tortuosity_zone_c,0.05501716063549278
Average_width_zone_c CRAE_Knudtson_zone_c,-0.04834103295008951
Average_width_zone_c CRVE_Knudtson_zone_c,0.03523137590648062
Average_width_zone_c AVR_Knudtson_zone_c,19.026513886114888
Distance_tortuosity_zone_c^2,0.36585097913380377
Distance_tortuosity_zone_c Tortuosity_density_zone_c,13.924159648487878
Distance_tortuosity_zone_c Artery_Fractal_dimension_zone_c,25.877536609207283
Distance_tortuosity_zone_c Artery_Distance_tortuosity_zone_c,-0.05782431310608477
Distance_tortuosity_zone_c Vein_Fractal_dimension_zone_c,5.2711642744578135
Distance_tortuosity_zone_c Vein_Distance_tortuosity_zone_c,-0.14133761859172456
Distance_tortuosity_zone_c CRAE_Knudtson_zone_c,0.04927940322302882
Distance_tortuosity_zone_c CRVE_Knudtson_zone_c,-0.0775024115250662
Distance_tortuosity_zone_c AVR_Knudtson_zone_c,-22.776358006430467
Tortuosity_density_zone_c^2,186.56430837056513
Tortuosity_density_zone_c Artery_Fractal_dimension_zone_c,57.40584359135181
Tortuosity_density_zone_c Artery_Distance_tortuosity_zone_c,0.13553163838266977
Tortuosity_density_zone_c Vein_Fractal_dimension_zone_c,-461.68261737834524
Tortuosity_density_zone_c Vein_Distance_tortuosity_zone_c,-12.168646474199464
Tortuosity_density_zone_c CRAE_Knudtson_zone_c,1.4934601899655569
Tortuosity_density_zone_c CRVE_Knudtson_zone_c,-0.35128604002824687
Tortuosity_density_zone_c AVR_Knudtson_zone_c,-93.2888713236546
Artery_Fractal_dimension_zone_c^2,-10.474993256532446
Artery_Fractal_dimension_zone_c Artery_Distance_tortuosity_zone_c,-4.953967597052508
Artery_Fractal_dimension_zone_c Vein_Fractal_dimension_zone_c,-134.8959492966752
Artery_Fractal_dimension_zone_c Vein_Distance_tortuosity_zone_c,-3.733777697769534
Artery_Fractal_dimension_zone_c CRAE_Knudtson_zone_c,1.4160647641249038
Artery_Fractal_dimension_zone_c CRVE_Knudtson_zone_c,0.4073713411588753
Artery_Fractal_dimension_zone_c AVR_Knudtson_zone_c,415.78112225175283
Artery_Distance_tortuosity_zone_c^2,-0.02289378993247907
Artery_Distance_tortuosity_zone_c Vein_Fractal_dimension_zone_c,-7.062953407585526
Artery_Distance_tortuosity_zone_c Vein_Distance_tortuosity_zone_c,0.09322734387730824
Artery_Distance_tortuosity_zone_c CRAE_Knudtson_zone_c,-0.01907931332940649
Artery_Distance_tortuosity_zone_c CRVE_Knudtson_zone_c,0.0276745957907103
Artery_Distance_tortuosity_zone_c AVR_Knudtson_zone_c,10.836837975868855
Vein_Fractal_dimension_zone_c^2,-352.6190413896385
Vein_Fractal_dimension_zone_c Vein_Distance_tortuosity_zone_c,15.602230839082644
Vein_Fractal_dimension_zone_c CRAE_Knudtson_zone_c,1.3423904567973617
Vein_Fractal_dimension_zone_c CRVE_Knudtson_zone_c,0.022083884203869808
Vein_Fractal_dimension_zone_c AVR_Knudtson_zone_c,65.53374286406905
Vein_Distance_tortuosity_zone_c^2,-0.20272941605289785
Vein_Distance_tortuosity_zone_c CRAE_Knudtson_zone_c,-0.015974918120900572
Vein_Distance_tortuosity_zone_c CRVE_Knudtson_zone_c,0.07138419055823331
Vein_Distance_tortuosity_zone_c AVR_Knudtson_zone_c,23.00829035208931
CRAE_Knudtson_zone_c^2,0.0203929380548189
CRAE_Knudtson_zone_c CRVE_Knudtson_zone_c,-0.003135320247729112
CRAE_Knudtson_zone_c AVR_Knudtson_zone_c,-2.9192725482387574
CRVE_Knudtson_zone_c^2,-0.004688673263117948
CRVE_Knudtson_zone_c AVR_Knudtson_zone_c,-0.36483096186928243
AVR_Knudtson_zone_c^2,-133.59982711075077
Fractal_dimension_zone_c^3,71.42336595696801
Fractal_dimension_zone_c^2 Vessel_density_zone_c,-263.1777456450223
Fractal_dimension_zone_c^2 Average_width_zone_c,-1.2266018267772352
Fractal_dimension_zone_c^2 Distance_tortuosity_zone_c,1.2465973416609386
Fractal_dimension_zone_c^2 Tortuosity_density_zone_c,-187.0578358307976
Fractal_dimension_zone_c^2 Artery_Fractal_dimension_zone_c,154.49190552158933
Fractal_dimension_zone_c^2 Artery_Distance_tortuosity_zone_c,2.0480049751714655
Fractal_dimension_zone_c^2 Vein_Fractal_dimension_zone_c,-412.75717525099225
Fractal_dimension_zone_c^2 Vein_Distance_tortuosity_zone_c,6.776426754075633
Fractal_dimension_zone_c^2 CRAE_Knudtson_zone_c,0.3949295765150076
Fractal_dimension_zone_c^2 CRVE_Knudtson_zone_c,0.4465054125195391
Fractal_dimension_zone_c^2 AVR_Knudtson_zone_c,-164.77937576362706
Fractal_dimension_zone_c Vessel_density_zone_c^2,54.49614543171354
Fractal_dimension_zone_c Vessel_density_zone_c Average_width_zone_c,-24.52152227141907
Fractal_dimension_zone_c Vessel_density_zone_c Distance_tortuosity_zone_c,-155.83660163308346
Fractal_dimension_zone_c Vessel_density_zone_c Tortuosity_density_zone_c,-375.63042869395287
Fractal_dimension_zone_c Vessel_density_zone_c Artery_Fractal_dimension_zone_c,-112.94276827911963
Fractal_dimension_zone_c Vessel_density_zone_c Artery_Distance_tortuosity_zone_c,0.5455287490170202
Fractal_dimension_zone_c Vessel_density_zone_c Vein_Fractal_dimension_zone_c,139.13456411088927
Fractal_dimension_zone_c Vessel_density_zone_c Vein_Distance_tortuosity_zone_c,74.42737763080713
Fractal_dimension_zone_c Vessel_density_zone_c CRAE_Knudtson_zone_c,5.255149046889516
Fractal_dimension_zone_c Vessel_density_zone_c CRVE_Knudtson_zone_c,8.056012238589584
Fractal_dimension_zone_c Vessel_density_zone_c AVR_Knudtson_zone_c,-76.81071815034635
Fractal_dimension_zone_c Average_width_zone_c^2,-0.007091209492624984
Fractal_dimension_zone_c Average_width_zone_c Distance_tortuosity_zone_c,-0.048288168659855746
Fractal_dimension_zone_c Average_width_zone_c Tortuosity_density_zone_c,-1.485979132256264
Fractal_dimension_zone_c Average_width_zone_c Artery_Fractal_dimension_zone_c,-0.6268739701083443
Fractal_dimension_zone_c Average_width_zone_c Artery_Distance_tortuosity_zone_c,0.03891963069469195
Fractal_dimension_zone_c Average_width_zone_c Vein_Fractal_dimension_zone_c,1.866046902976998
Fractal_dimension_zone_c Average_width_zone_c Vein_Distance_tortuosity_zone_c,0.014748897185742571
Fractal_dimension_zone_c Average_width_zone_c CRAE_Knudtson_zone_c,0.01453126905437685
Fractal_dimension_zone_c Average_width_zone_c CRVE_Knudtson_zone_c,-0.0020041108538109143
Fractal_dimension_zone_c Average_width_zone_c AVR_Knudtson_zone_c,-3.005762768310009
Fractal_dimension_zone_c Distance_tortuosity_zone_c^2,-0.692153841028193
Fractal_dimension_zone_c Distance_tortuosity_zone_c Tortuosity_density_zone_c,4.6819065243629
Fractal_dimension_zone_c Distance_tortuosity_zone_c Artery_Fractal_dimension_zone_c,-12.877398684172332
Fractal_dimension_zone_c Distance_tortuosity_zone_c Artery_Distance_tortuosity_zone_c,0.20108159289015354
Fractal_dimension_zone_c Distance_tortuosity_zone_c Vein_Fractal_dimension_zone_c,6.6244462382053815
Fractal_dimension_zone_c Distance_tortuosity_zone_c Vein_Distance_tortuosity_zone_c,0.4401612353854061
Fractal_dimension_zone_c Distance_tortuosity_zone_c CRAE_Knudtson_zone_c,-0.06828436678652672
Fractal_dimension_zone_c Distance_tortuosity_zone_c CRVE_Knudtson_zone_c,0.06351314320944468
Fractal_dimension_zone_c Distance_tortuosity_zone_c AVR_Knudtson_zone_c,27.26320139143715
Fractal_dimension_zone_c Tortuosity_density_zone_c^2,-89.35188147474567
Fractal_dimension_zone_c Tortuosity_density_zone_c Artery_Fractal_dimension_zone_c,135.4975698081553
Fractal_dimension_zone_c Tortuosity_density_zone_c Artery_Distance_tortuosity_zone_c,-1.9345606621148703
Fractal_dimension_zone_c Tortuosity_density_zone_c Vein_Fractal_dimension_zone_c,20.24113558847099
Fractal_dimension_zone_c Tortuosity_density_zone_c Vein_Distance_tortuosity_zone_c,3.5737234161021605
Fractal_dimension_zone_c Tortuosity_density_zone_c CRAE_Knudtson_zone_c,-1.144311617637127
Fractal_dimension_zone_c Tortuosity_density_zone_c CRVE_Knudtson_zone_c,1.0849080841005783
Fractal_dimension_zone_c Tortuosity_density_zone_c AVR_Knudtson_zone_c,182.95800424399948
Fractal_dimension_zone_c Artery_Fractal_dimension_zone_c^2,-252.46986425985952
Fractal_dimension_zone_c Artery_Fractal_dimension_zone_c Artery_Distance_tortuosity_zone_c,-0.42544412735810155
Fractal_dimension_zone_c Artery_Fractal_dimension_zone_c Vein_Fractal_dimension_zone_c,-128.0781032131271
Fractal_dimension_zone_c Artery_Fractal_dimension_zone_c Vein_Distance_tortuosity_zone_c,3.748667836402129
Fractal_dimension_zone_c Artery_Fractal_dimension_zone_c CRAE_Knudtson_zone_c,0.10082020299439473
Fractal_dimension_zone_c Artery_Fractal_dimension_zone_c CRVE_Knudtson_zone_c,-0.21088829240662155
Fractal_dimension_zone_c Artery_Fractal_dimension_zone_c AVR_Knudtson_zone_c,-25.006498942877734
Fractal_dimension_zone_c Artery_Distance_tortuosity_zone_c^2,0.01815607009323883
Fractal_dimension_zone_c Artery_Distance_tortuosity_zone_c Vein_Fractal_dimension_zone_c,-2.9667855494131983
Fractal_dimension_zone_c Artery_Distance_tortuosity_zone_c Vein_Distance_tortuosity_zone_c,-0.07669066373694056
Fractal_dimension_zone_c Artery_Distance_tortuosity_zone_c CRAE_Knudtson_zone_c,0.02688004028993518
Fractal_dimension_zone_c Artery_Distance_tortuosity_zone_c CRVE_Knudtson_zone_c,-0.018332320640457755
Fractal_dimension_zone_c Artery_Distance_tortuosity_zone_c AVR_Knudtson_zone_c,-9.575887906201904
Fractal_dimension_zone_c Vein_Fractal_dimension_zone_c^2,424.52660639595496
Fractal_dimension_zone_c Vein_Fractal_dimension_zone_c Vein_Distance_tortuosity_zone_c,-9.321984517763171
Fractal_dimension_zone_c Vein_Fractal_dimension_zone_c CRAE_Knudtson_zone_c,-0.5969776316425752
Fractal_dimension_zone_c Vein_Fractal_dimension_zone_c CRVE_Knudtson_zone_c,-0.29046728185653303
Fractal_dimension_zone_c Vein_Fractal_dimension_zone_c AVR_Knudtson_zone_c,251.12084788904525
Fractal_dimension_zone_c Vein_Distance_tortuosity_zone_c^2,-0.025520654675883714
Fractal_dimension_zone_c Vein_Distance_tortuosity_zone_c CRAE_Knudtson_zone_c,0.008709137864694405
Fractal_dimension_zone_c Vein_Distance_tortuosity_zone_c CRVE_Knudtson_zone_c,-0.022936561867227034
Fractal_dimension_zone_c Vein_Distance_tortuosity_zone_c AVR_Knudtson_zone_c,-0.33968011887984617
Fractal_dimension_zone_c CRAE_Knudtson_zone_c^2,-0.02016004924829673
Fractal_dimension_zone_c CRAE_Knudtson_zone_c CRVE_Knudtson_zone_c,0.014844026291928714
Fractal_dimension_zone_c CRAE_Knudtson_zone_c AVR_Knudtson_zone_c,7.026983394009729
Fractal_dimension_zone_c CRVE_Knudtson_zone_c^2,-0.0025752846305806543
Fractal_dimension_zone_c CRVE_Knudtson_zone_c AVR_Knudtson_zone_c,-1.9351283752559878
Fractal_dimension_zone_c AVR_Knudtson_zone_c^2,-295.51599079916974
Vessel_density_zone_c^3,-3.6764587963970508
Vessel_density_zone_c^2 Average_width_zone_c,74.38571700171237
Vessel_density_zone_c^2 Distance_tortuosity_zone_c,134.64646515176094
Vessel_density_zone_c^2 Tortuosity_density_zone_c,12.821228139941427
Vessel_density_zone_c^2 Artery_Fractal_dimension_zone_c,59.776951575233866
Vessel_density_zone_c^2 Artery_Distance_tortuosity_zone_c,189.0544888813075
Vessel_density_zone_c^2 Vein_Fractal_dimension_zone_c,65.9542916293299
Vessel_density_zone_c^2 Vein_Distance_tortuosity_zone_c,-333.2713470206914
Vessel_density_zone_c^2 CRAE_Knudtson_zone_c,12.054550319689083
Vessel_density_zone_c^2 CRVE_Knudtson_zone_c,-29.056268810684795
Vessel_density_zone_c^2 AVR_Knudtson_zone_c,38.53379099526038
Vessel_density_zone_c Average_width_zone_c^2,0.015728858074042673
Vessel_density_zone_c Average_width_zone_c Distance_tortuosity_zone_c,0.5166192313254234
Vessel_density_zone_c Average_width_zone_c Tortuosity_density_zone_c,-3.3224880306815225
Vessel_density_zone_c Average_width_zone_c Artery_Fractal_dimension_zone_c,15.021580778291707
Vessel_density_zone_c Average_width_zone_c Artery_Distance_tortuosity_zone_c,-0.24332400852750796
Vessel_density_zone_c Average_width_zone_c Vein_Fractal_dimension_zone_c,4.581382369428942
Vessel_density_zone_c Average_width_zone_c Vein_Distance_tortuosity_zone_c,0.07203909197485905
Vessel_density_zone_c Average_width_zone_c CRAE_Knudtson_zone_c,-0.14013161336533564
Vessel_density_zone_c Average_width_zone_c CRVE_Knudtson_zone_c,0.06444765744929715
Vessel_density_zone_c Average_width_zone_c AVR_Knudtson_zone_c,43.40851764628358
Vessel_density_zone_c Distance_tortuosity_zone_c^2,2.324943232330187
Vessel_density_zone_c Distance_tortuosity_zone_c Tortuosity_density_zone_c,56.05973593831028
Vessel_density_zone_c Distance_tortuosity_zone_c Artery_Fractal_dimension_zone_c,269.44933628835673
Vessel_density_zone_c Distance_tortuosity_zone_c Artery_Distance_tortuosity_zone_c,-0.10449825389285239
Vessel_density_zone_c Distance_tortuosity_zone_c Vein_Fractal_dimension_zone_c,-67.14162815172624
Vessel_density_zone_c Distance_tortuosity_zone_c Vein_Distance_tortuosity_zone_c,0.2941184656505242
Vessel_density_zone_c Distance_tortuosity_zone_c CRAE_Knudtson_zone_c,0.6194071009023373
Vessel_density_zone_c Distance_tortuosity_zone_c CRVE_Knudtson_zone_c,-0.5120834690633381
Vessel_density_zone_c Distance_tortuosity_zone_c AVR_Knudtson_zone_c,-274.6482579957632
Vessel_density_zone_c Tortuosity_density_zone_c^2,178.71946046610645
Vessel_density_zone_c Tortuosity_density_zone_c Artery_Fractal_dimension_zone_c,-268.34866809401666
Vessel_density_zone_c Tortuosity_density_zone_c Artery_Distance_tortuosity_zone_c,-14.393128763134102
Vessel_density_zone_c Tortuosity_density_zone_c Vein_Fractal_dimension_zone_c,-97.76574346941744
Vessel_density_zone_c Tortuosity_density_zone_c Vein_Distance_tortuosity_zone_c,-107.15425946167574
Vessel_density_zone_c Tortuosity_density_zone_c CRAE_Knudtson_zone_c,4.213674441423429
Vessel_density_zone_c Tortuosity_density_zone_c CRVE_Knudtson_zone_c,1.9151680030429776
Vessel_density_zone_c Tortuosity_density_zone_c AVR_Knudtson_zone_c,-55.63425958141249
Vessel_density_zone_c Artery_Fractal_dimension_zone_c^2,150.79647575157858
Vessel_density_zone_c Artery_Fractal_dimension_zone_c Artery_Distance_tortuosity_zone_c,-33.443221604425226
Vessel_density_zone_c Artery_Fractal_dimension_zone_c Vein_Fractal_dimension_zone_c,283.3000043471001
Vessel_density_zone_c Artery_Fractal_dimension_zone_c Vein_Distance_tortuosity_zone_c,-93.44525814834492
Vessel_density_zone_c Artery_Fractal_dimension_zone_c CRAE_Knudtson_zone_c,0.3466119228767166
Vessel_density_zone_c Artery_Fractal_dimension_zone_c CRVE_Knudtson_zone_c,-6.932896848066531
Vessel_density_zone_c Artery_Fractal_dimension_zone_c AVR_Knudtson_zone_c,-78.47638997226129
Vessel_density_zone_c Artery_Distance_tortuosity_zone_c^2,-0.25415498830210626
Vessel_density_zone_c Artery_Distance_tortuosity_zone_c Vein_Fractal_dimension_zone_c,-35.3042479579837
Vessel_density_zone_c Artery_Distance_tortuosity_zone_c Vein_Distance_tortuosity_zone_c,-0.13593242877309453
Vessel_density_zone_c Artery_Distance_tortuosity_zone_c CRAE_Knudtson_zone_c,-0.40535937104575603
Vessel_density_zone_c Artery_Distance_tortuosity_zone_c CRVE_Knudtson_zone_c,0.26000401014700825
Vessel_density_zone_c Artery_Distance_tortuosity_zone_c AVR_Knudtson_zone_c,142.62918998742637
Vessel_density_zone_c Vein_Fractal_dimension_zone_c^2,509.6429130480399
Vessel_density_zone_c Vein_Fractal_dimension_zone_c Vein_Distance_tortuosity_zone_c,0.9025029281861184
Vessel_density_zone_c Vein_Fractal_dimension_zone_c CRAE_Knudtson_zone_c,-3.6924636706491176
Vessel_density_zone_c Vein_Fractal_dimension_zone_c CRVE_Knudtson_zone_c,-3.7732508651738503
Vessel_density_zone_c Vein_Fractal_dimension_zone_c AVR_Knudtson_zone_c,65.0689968818118
Vessel_density_zone_c Vein_Distance_tortuosity_zone_c^2,-0.8533896252459076
Vessel_density_zone_c Vein_Distance_tortuosity_zone_c CRAE_Knudtson_zone_c,-1.3668265084456777
Vessel_density_zone_c Vein_Distance_tortuosity_zone_c CRVE_Knudtson_zone_c,0.9490046216773891
Vessel_density_zone_c Vein_Distance_tortuosity_zone_c AVR_Knudtson_zone_c,394.0147086111214
Vessel_density_zone_c CRAE_Knudtson_zone_c^2,0.0065855154719107745
Vessel_density_zone_c CRAE_Knudtson_zone_c CRVE_Knudtson_zone_c,0.043863436145509915
Vessel_density_zone_c CRAE_Knudtson_zone_c AVR_Knudtson_zone_c,-3.312434814611312
Vessel_density_zone_c CRVE_Knudtson_zone_c^2,-0.0244156492711447
Vessel_density_zone_c CRVE_Knudtson_zone_c AVR_Knudtson_zone_c,-8.58134530119489
Vessel_density_zone_c AVR_Knudtson_zone_c^2,-40.710639492738295
Average_width_zone_c^3,-4.3416552557573596e-06
Average_width_zone_c^2 Distance_tortuosity_zone_c,-5.475318159398057e-05
Average_width_zone_c^2 Tortuosity_density_zone_c,-0.0009560037259968013
Average_width_zone_c^2 Artery_Fractal_dimension_zone_c,0.003854819556465827
Average_width_zone_c^2 Artery_Distance_tortuosity_zone_c,3.1588841515883814e-05
Average_width_zone_c^2 Vein_Fractal_dimension_zone_c,0.002105554655951636
Average_width_zone_c^2 Vein_Distance_tortuosity_zone_c,-6.922967287437132e-06
Average_width_zone_c^2 CRAE_Knudtson_zone_c,4.6047975061469515e-05
Average_width_zone_c^2 CRVE_Knudtson_zone_c,-2.691248189989892e-05
Average_width_zone_c^2 AVR_Knudtson_zone_c,-0.015090377931448629
Average_width_zone_c Distance_tortuosity_zone_c^2,-2.476756789704382e-05
Average_width_zone_c Distance_tortuosity_zone_c Tortuosity_density_zone_c,-0.030117222609480465
Average_width_zone_c Distance_tortuosity_zone_c Artery_Fractal_dimension_zone_c,-0.006155192700636025
Average_width_zone_c Distance_tortuosity_zone_c Artery_Distance_tortuosity_zone_c,-0.00010935150907265268
Average_width_zone_c Distance_tortuosity_zone_c Vein_Fractal_dimension_zone_c,-0.01324858310702548
Average_width_zone_c Distance_tortuosity_zone_c Vein_Distance_tortuosity_zone_c,-0.0002700227496106322
Average_width_zone_c Distance_tortuosity_zone_c CRAE_Knudtson_zone_c,-0.00017455823552126049
Average_width_zone_c Distance_tortuosity_zone_c CRVE_Knudtson_zone_c,0.00014862841646845482
Average_width_zone_c Distance_tortuosity_zone_c AVR_Knudtson_zone_c,0.07597368374005986
Average_width_zone_c Tortuosity_density_zone_c^2,0.30405258864554174
Average_width_zone_c Tortuosity_density_zone_c Artery_Fractal_dimension_zone_c,0.6986235881309946
Average_width_zone_c Tortuosity_density_zone_c Artery_Distance_tortuosity_zone_c,0.003145891838423065
Average_width_zone_c Tortuosity_density_zone_c Vein_Fractal_dimension_zone_c,1.1092622712489795
Average_width_zone_c Tortuosity_density_zone_c Vein_Distance_tortuosity_zone_c,0.02820830711760891
Average_width_zone_c Tortuosity_density_zone_c CRAE_Knudtson_zone_c,0.010618462658413819
Average_width_zone_c Tortuosity_density_zone_c CRVE_Knudtson_zone_c,-0.006102849384916453
Average_width_zone_c Tortuosity_density_zone_c AVR_Knudtson_zone_c,-3.0682279137049817
Average_width_zone_c Artery_Fractal_dimension_zone_c^2,0.6363374638078196
Average_width_zone_c Artery_Fractal_dimension_zone_c Artery_Distance_tortuosity_zone_c,-0.01376680531122021
Average_width_zone_c Artery_Fractal_dimension_zone_c Vein_Fractal_dimension_zone_c,-0.7390543768490687
Average_width_zone_c Artery_Fractal_dimension_zone_c Vein_Distance_tortuosity_zone_c,0.006761861058481422
Average_width_zone_c Artery_Fractal_dimension_zone_c CRAE_Knudtson_zone_c,0.011124717871799916
Average_width_zone_c Artery_Fractal_dimension_zone_c CRVE_Knudtson_zone_c,-0.009168422221463857
Average_width_zone_c Artery_Fractal_dimension_zone_c AVR_Knudtson_zone_c,-4.500457109034461
Average_width_zone_c Artery_Distance_tortuosity_zone_c^2,5.03467837233984e-05
Average_width_zone_c Artery_Distance_tortuosity_zone_c Vein_Fractal_dimension_zone_c,-2.867514272253402e-05
Average_width_zone_c Artery_Distance_tortuosity_zone_c Vein_Distance_tortuosity_zone_c,-0.00014000350059006905
Average_width_zone_c Artery_Distance_tortuosity_zone_c CRAE_Knudtson_zone_c,-2.9915125871582404e-05
Average_width_zone_c Artery_Distance_tortuosity_zone_c CRVE_Knudtson_zone_c,1.222899682318257e-05
Average_width_zone_c Artery_Distance_tortuosity_zone_c AVR_Knudtson_zone_c,0.007327149715706582
Average_width_zone_c Vein_Fractal_dimension_zone_c^2,0.1808128517521792
Average_width_zone_c Vein_Fractal_dimension_zone_c Vein_Distance_tortuosity_zone_c,-0.014223467738257334
Average_width_zone_c Vein_Fractal_dimension_zone_c CRAE_Knudtson_zone_c,-0.009191743882027481
Average_width_zone_c Vein_Fractal_dimension_zone_c CRVE_Knudtson_zone_c,0.003089093101806384
Average_width_zone_c Vein_Fractal_dimension_zone_c AVR_Knudtson_zone_c,2.03418885189093
Average_width_zone_c Vein_Distance_tortuosity_zone_c^2,6.216668791125812e-05
Average_width_zone_c Vein_Distance_tortuosity_zone_c CRAE_Knudtson_zone_c,0.0003485689326936381
Average_width_zone_c Vein_Distance_tortuosity_zone_c CRVE_Knudtson_zone_c,-0.0002566223672886281
Average_width_zone_c Vein_Distance_tortuosity_zone_c AVR_Knudtson_zone_c,-0.11520850232208413
Average_width_zone_c CRAE_Knudtson_zone_c^2,-0.00010345437704017968
Average_width_zone_c CRAE_Knudtson_zone_c CRVE_Knudtson_zone_c,0.00011532481170206665
Average_width_zone_c CRAE_Knudtson_zone_c AVR_Knudtson_zone_c,0.055031677358611475
Average_width_zone_c CRVE_Knudtson_zone_c^2,-3.2587611244139225e-05
Average_width_zone_c CRVE_Knudtson_zone_c AVR_Knudtson_zone_c,-0.04815593285390918
Average_width_zone_c AVR_Knudtson_zone_c^2,-7.182814461322047
Distance_tortuosity_zone_c^3,-0.0016742638114957131
Distance_tortuosity_zone_c^2 Tortuosity_density_zone_c,-0.1207809041659465
Distance_tortuosity_zone_c^2 Artery_Fractal_dimension_zone_c,0.22732617634454189
Distance_tortuosity_zone_c^2 Artery_Distance_tortuosity_zone_c,0.0013420132677106622
Distance_tortuosity_zone_c^2 Vein_Fractal_dimension_zone_c,0.04411741067122932
Distance_tortuosity_zone_c^2 Vein_Distance_tortuosity_zone_c,0.0026709105928581778
Distance_tortuosity_zone_c^2 CRAE_Knudtson_zone_c,-0.0015927079617910067
Distance_tortuosity_zone_c^2 CRVE_Knudtson_zone_c,0.0011333412027738632
Distance_tortuosity_zone_c^2 AVR_Knudtson_zone_c,0.4377946834933262
Distance_tortuosity_zone_c Tortuosity_density_zone_c^2,1.3478841551380063
Distance_tortuosity_zone_c Tortuosity_density_zone_c Artery_Fractal_dimension_zone_c,-9.067449665380824
Distance_tortuosity_zone_c Tortuosity_density_zone_c Artery_Distance_tortuosity_zone_c,0.01914068427212612
Distance_tortuosity_zone_c Tortuosity_density_zone_c Vein_Fractal_dimension_zone_c,-0.5041255081730857
Distance_tortuosity_zone_c Tortuosity_density_zone_c Vein_Distance_tortuosity_zone_c,0.03647775250110269
Distance_tortuosity_zone_c Tortuosity_density_zone_c CRAE_Knudtson_zone_c,0.04487108267763895
Distance_tortuosity_zone_c Tortuosity_density_zone_c CRVE_Knudtson_zone_c,-0.02919566561132725
Distance_tortuosity_zone_c Tortuosity_density_zone_c AVR_Knudtson_zone_c,-13.485786934470804
Distance_tortuosity_zone_c Artery_Fractal_dimension_zone_c^2,-1.729757661486712
Distance_tortuosity_zone_c Artery_Fractal_dimension_zone_c Artery_Distance_tortuosity_zone_c,-0.09904715650627427
Distance_tortuosity_zone_c Artery_Fractal_dimension_zone_c Vein_Fractal_dimension_zone_c,-2.4145235154190843
Distance_tortuosity_zone_c Artery_Fractal_dimension_zone_c Vein_Distance_tortuosity_zone_c,-0.23376242342618747
Distance_tortuosity_zone_c Artery_Fractal_dimension_zone_c CRAE_Knudtson_zone_c,-0.004380469763728856
Distance_tortuosity_zone_c Artery_Fractal_dimension_zone_c CRVE_Knudtson_zone_c,-0.0039294592388356975
Distance_tortuosity_zone_c Artery_Fractal_dimension_zone_c AVR_Knudtson_zone_c,2.229771290994484
Distance_tortuosity_zone_c Artery_Distance_tortuosity_zone_c^2,-0.0007435551818799624
Distance_tortuosity_zone_c Artery_Distance_tortuosity_zone_c Vein_Fractal_dimension_zone_c,-0.07009761587575758
Distance_tortuosity_zone_c Artery_Distance_tortuosity_zone_c Vein_Distance_tortuosity_zone_c,-0.0015028483972034934
Distance_tortuosity_zone_c Artery_Distance_tortuosity_zone_c CRAE_Knudtson_zone_c,0.00014748789080698543
Distance_tortuosity_zone_c Artery_Distance_tortuosity_zone_c CRVE_Knudtson_zone_c,-9.0828327749648e-05
Distance_tortuosity_zone_c Artery_Distance_tortuosity_zone_c AVR_Knudtson_zone_c,-0.029119852329307805
Distance_tortuosity_zone_c Vein_Fractal_dimension_zone_c^2,1.0788921902940196
Distance_tortuosity_zone_c Vein_Fractal_dimension_zone_c Vein_Distance_tortuosity_zone_c,-0.1107652784502946
Distance_tortuosity_zone_c Vein_Fractal_dimension_zone_c CRAE_Knudtson_zone_c,0.06929199280476261
Distance_tortuosity_zone_c Vein_Fractal_dimension_zone_c CRVE_Knudtson_zone_c,-0.03804685349192294
Distance_tortuosity_zone_c Vein_Fractal_dimension_zone_c AVR_Knudtson_zone_c,-19.734461989863345
Distance_tortuosity_zone_c Vein_Distance_tortuosity_zone_c^2,-0.0005420675368057459
Distance_tortuosity_zone_c Vein_Distance_tortuosity_zone_c CRAE_Knudtson_zone_c,0.0005823771028019564
Distance_tortuosity_zone_c Vein_Distance_tortuosity_zone_c CRVE_Knudtson_zone_c,-0.000425319658177159
Distance_tortuosity_zone_c Vein_Distance_tortuosity_zone_c AVR_Knudtson_zone_c,-0.09774567349849494
Distance_tortuosity_zone_c CRAE_Knudtson_zone_c^2,7.521128333110028e-05
Distance_tortuosity_zone_c CRAE_Knudtson_zone_c CRVE_Knudtson_zone_c,-0.00019399803289843476
Distance_tortuosity_zone_c CRAE_Knudtson_zone_c AVR_Knudtson_zone_c,-0.03546169214254308
Distance_tortuosity_zone_c CRVE_Knudtson_zone_c^2,9.393793028067421e-05
Distance_tortuosity_zone_c CRVE_Knudtson_zone_c AVR_Knudtson_zone_c,0.04927720365819238
Distance_tortuosity_zone_c AVR_Knudtson_zone_c^2,2.832727168905275
Tortuosity_density_zone_c^3,2.5878838673219655
Tortuosity_density_zone_c^2 Artery_Fractal_dimension_zone_c,41.79742194579904
Tortuosity_density_zone_c^2 Artery_Distance_tortuosity_zone_c,-1.1173030157745483
Tortuosity_density_zone_c^2 Vein_Fractal_dimension_zone_c,-8.69237376366973
Tortuosity_density_zone_c^2 Vein_Distance_tortuosity_zone_c,-1.0773066217267877
Tortuosity_density_zone_c^2 CRAE_Knudtson_zone_c,0.7022601674478202
Tortuosity_density_zone_c^2 CRVE_Knudtson_zone_c,-0.4488635242166922
Tortuosity_density_zone_c^2 AVR_Knudtson_zone_c,-213.19145537082093
Tortuosity_density_zone_c Artery_Fractal_dimension_zone_c^2,-54.91919744274545
Tortuosity_density_zone_c Artery_Fractal_dimension_zone_c Artery_Distance_tortuosity_zone_c,3.579073139255556
Tortuosity_density_zone_c Artery_Fractal_dimension_zone_c Vein_Fractal_dimension_zone_c,97.36872939251178
Tortuosity_density_zone_c Artery_Fractal_dimension_zone_c Vein_Distance_tortuosity_zone_c,3.9699358228664776
Tortuosity_density_zone_c Artery_Fractal_dimension_zone_c CRAE_Knudtson_zone_c,1.732488555360555
Tortuosity_density_zone_c Artery_Fractal_dimension_zone_c CRVE_Knudtson_zone_c,-1.3093453209652535
Tortuosity_density_zone_c Artery_Fractal_dimension_zone_c AVR_Knudtson_zone_c,-443.2775821259885
Tortuosity_density_zone_c Artery_Distance_tortuosity_zone_c^2,0.00617120994055087
Tortuosity_density_zone_c Artery_Distance_tortuosity_zone_c Vein_Fractal_dimension_zone_c,-0.006291076011467077
Tortuosity_density_zone_c Artery_Distance_tortuosity_zone_c Vein_Distance_tortuosity_zone_c,0.031645501303352086
Tortuosity_density_zone_c Artery_Distance_tortuosity_zone_c CRAE_Knudtson_zone_c,0.003245777954930862
Tortuosity_density_zone_c Artery_Distance_tortuosity_zone_c CRVE_Knudtson_zone_c,-0.00086128403954433
Tortuosity_density_zone_c Artery_Distance_tortuosity_zone_c AVR_Knudtson_zone_c,-1.0096445678935835
Tortuosity_density_zone_c Vein_Fractal_dimension_zone_c^2,72.2100940796707
Tortuosity_density_zone_c Vein_Fractal_dimension_zone_c Vein_Distance_tortuosity_zone_c,3.9595915480208936
Tortuosity_density_zone_c Vein_Fractal_dimension_zone_c CRAE_Knudtson_zone_c,-0.8208103001372218
Tortuosity_density_zone_c Vein_Fractal_dimension_zone_c CRVE_Knudtson_zone_c,0.06307650750900395
Tortuosity_density_zone_c Vein_Fractal_dimension_zone_c AVR_Knudtson_zone_c,282.1226991347557
Tortuosity_density_zone_c Vein_Distance_tortuosity_zone_c^2,0.003944119706818627
Tortuosity_density_zone_c Vein_Distance_tortuosity_zone_c CRAE_Knudtson_zone_c,0.009399182897407155
Tortuosity_density_zone_c Vein_Distance_tortuosity_zone_c CRVE_Knudtson_zone_c,-0.005665931273886482
Tortuosity_density_zone_c Vein_Distance_tortuosity_zone_c AVR_Knudtson_zone_c,-2.163453314864921
Tortuosity_density_zone_c CRAE_Knudtson_zone_c^2,0.005477130528817042
Tortuosity_density_zone_c CRAE_Knudtson_zone_c CRVE_Knudtson_zone_c,-0.008249384895101741
Tortuosity_density_zone_c CRAE_Knudtson_zone_c AVR_Knudtson_zone_c,-3.189022160681996
Tortuosity_density_zone_c CRVE_Knudtson_zone_c^2,0.0028255315176579643
Tortuosity_density_zone_c CRVE_Knudtson_zone_c AVR_Knudtson_zone_c,1.493460944048394
Tortuosity_density_zone_c AVR_Knudtson_zone_c^2,458.2872484103235
Artery_Fractal_dimension_zone_c^3,106.042362680979
Artery_Fractal_dimension_zone_c^2 Artery_Distance_tortuosity_zone_c,0.07103673092360988
Artery_Fractal_dimension_zone_c^2 Vein_Fractal_dimension_zone_c,137.10805026220396
Artery_Fractal_dimension_zone_c^2 Vein_Distance_tortuosity_zone_c,-0.19819303282782294
Artery_Fractal_dimension_zone_c^2 CRAE_Knudtson_zone_c,0.7989148149142299
Artery_Fractal_dimension_zone_c^2 CRVE_Knudtson_zone_c,-0.5240581454815398
Artery_Fractal_dimension_zone_c^2 AVR_Knudtson_zone_c,-308.217811023632
Artery_Fractal_dimension_zone_c Artery_Distance_tortuosity_zone_c^2,0.002969333346858838
Artery_Fractal_dimension_zone_c Artery_Distance_tortuosity_zone_c Vein_Fractal_dimension_zone_c,2.0862971331176423
Artery_Fractal_dimension_zone_c Artery_Distance_tortuosity_zone_c Vein_Distance_tortuosity_zone_c,0.02610219290843563
Artery_Fractal_dimension_zone_c Artery_Distance_tortuosity_zone_c CRAE_Knudtson_zone_c,-0.007192710695272941
Artery_Fractal_dimension_zone_c Artery_Distance_tortuosity_zone_c CRVE_Knudtson_zone_c,0.007232938272254685
Artery_Fractal_dimension_zone_c Artery_Distance_tortuosity_zone_c AVR_Knudtson_zone_c,3.0011697183915573
Artery_Fractal_dimension_zone_c Vein_Fractal_dimension_zone_c^2,-35.352064489047734
Artery_Fractal_dimension_zone_c Vein_Fractal_dimension_zone_c Vein_Distance_tortuosity_zone_c,4.038962910638205
Artery_Fractal_dimension_zone_c Vein_Fractal_dimension_zone_c CRAE_Knudtson_zone_c,0.060019625706388635
Artery_Fractal_dimension_zone_c Vein_Fractal_dimension_zone_c CRVE_Knudtson_zone_c,0.18663226364959695
Artery_Fractal_dimension_zone_c Vein_Fractal_dimension_zone_c AVR_Knudtson_zone_c,-23.267782069845246
Artery_Fractal_dimension_zone_c Vein_Distance_tortuosity_zone_c^2,0.06108605035597936
Artery_Fractal_dimension_zone_c Vein_Distance_tortuosity_zone_c CRAE_Knudtson_zone_c,0.05507330904360552
Artery_Fractal_dimension_zone_c Vein_Distance_tortuosity_zone_c CRVE_Knudtson_zone_c,-0.027634655193015334
Artery_Fractal_dimension_zone_c Vein_Distance_tortuosity_zone_c AVR_Knudtson_zone_c,-14.499791892801046
Artery_Fractal_dimension_zone_c CRAE_Knudtson_zone_c^2,0.008428367536247094
Artery_Fractal_dimension_zone_c CRAE_Knudtson_zone_c CRVE_Knudtson_zone_c,-0.012506864665247974
Artery_Fractal_dimension_zone_c CRAE_Knudtson_zone_c AVR_Knudtson_zone_c,-4.784792156503138
Artery_Fractal_dimension_zone_c CRVE_Knudtson_zone_c^2,0.004866401291842237
Artery_Fractal_dimension_zone_c CRVE_Knudtson_zone_c AVR_Knudtson_zone_c,1.4160651820042065
Artery_Fractal_dimension_zone_c AVR_Knudtson_zone_c^2,732.0662621304472
Artery_Distance_tortuosity_zone_c^3,0.0001241365553283913
Artery_Distance_tortuosity_zone_c^2 Vein_Fractal_dimension_zone_c,0.01725137269465954
Artery_Distance_tortuosity_zone_c^2 Vein_Distance_tortuosity_zone_c,0.00029539041947135303
Artery_Distance_tortuosity_zone_c^2 CRAE_Knudtson_zone_c,0.0001624242214504079
Artery_Distance_tortuosity_zone_c^2 CRVE_Knudtson_zone_c,-9.955005742767753e-05
Artery_Distance_tortuosity_zone_c^2 AVR_Knudtson_zone_c,-0.050679367136970604
Artery_Distance_tortuosity_zone_c Vein_Fractal_dimension_zone_c^2,3.2712808110818843
Artery_Distance_tortuosity_zone_c Vein_Fractal_dimension_zone_c Vein_Distance_tortuosity_zone_c,0.030495006662671964
Artery_Distance_tortuosity_zone_c Vein_Fractal_dimension_zone_c CRAE_Knudtson_zone_c,-0.004472548217697714
Artery_Distance_tortuosity_zone_c Vein_Fractal_dimension_zone_c CRVE_Knudtson_zone_c,0.003162706190125597
Artery_Distance_tortuosity_zone_c Vein_Fractal_dimension_zone_c AVR_Knudtson_zone_c,2.3482703456484573
Artery_Distance_tortuosity_zone_c Vein_Distance_tortuosity_zone_c^2,0.00020846350861170038
Artery_Distance_tortuosity_zone_c Vein_Distance_tortuosity_zone_c CRAE_Knudtson_zone_c,0.0003573393097440203
Artery_Distance_tortuosity_zone_c Vein_Distance_tortuosity_zone_c CRVE_Knudtson_zone_c,-0.0001867156626644828
Artery_Distance_tortuosity_zone_c Vein_Distance_tortuosity_zone_c AVR_Knudtson_zone_c,-0.11120426311673243
Artery_Distance_tortuosity_zone_c CRAE_Knudtson_zone_c^2,4.46771470237195e-05
Artery_Distance_tortuosity_zone_c CRAE_Knudtson_zone_c CRVE_Knudtson_zone_c,3.482276383692806e-06
Artery_Distance_tortuosity_zone_c CRAE_Knudtson_zone_c AVR_Knudtson_zone_c,-0.01240392741991947
Artery_Distance_tortuosity_zone_c CRVE_Knudtson_zone_c^2,-2.13540999993711e-05
Artery_Distance_tortuosity_zone_c CRVE_Knudtson_zone_c AVR_Knudtson_zone_c,-0.019012645531281347
Artery_Distance_tortuosity_zone_c AVR_Knudtson_zone_c^2,-0.43248214806329266
Vein_Fractal_dimension_zone_c^3,-119.4622335819251
Vein_Fractal_dimension_zone_c^2 Vein_Distance_tortuosity_zone_c,-0.9385691178613752
Vein_Fractal_dimension_zone_c^2 CRAE_Knudtson_zone_c,-0.5038070002377882
Vein_Fractal_dimension_zone_c^2 CRVE_Knudtson_zone_c,0.5212271967685487
Vein_Fractal_dimension_zone_c^2 AVR_Knudtson_zone_c,127.9893045013663
Vein_Fractal_dimension_zone_c Vein_Distance_tortuosity_zone_c^2,0.018703030120497788
Vein_Fractal_dimension_zone_c Vein_Distance_tortuosity_zone_c CRAE_Knudtson_zone_c,0.026997167973829228
Vein_Fractal_dimension_zone_c Vein_Distance_tortuosity_zone_c CRVE_Knudtson_zone_c,-0.014825039987091948
Vein_Fractal_dimension_zone_c Vein_Distance_tortuosity_zone_c AVR_Knudtson_zone_c,-11.238356363261811
Vein_Fractal_dimension_zone_c CRAE_Knudtson_zone_c^2,0.011851025727601439
Vein_Fractal_dimension_zone_c CRAE_Knudtson_zone_c CRVE_Knudtson_zone_c,-0.009031684866101841
Vein_Fractal_dimension_zone_c CRAE_Knudtson_zone_c AVR_Knudtson_zone_c,-2.439454710062969
Vein_Fractal_dimension_zone_c CRVE_Knudtson_zone_c^2,0.0011801999851286382
Vein_Fractal_dimension_zone_c CRVE_Knudtson_zone_c AVR_Knudtson_zone_c,1.3423882794968995
Vein_Fractal_dimension_zone_c AVR_Knudtson_zone_c^2,-351.06995534692084
Vein_Distance_tortuosity_zone_c^3,-1.9664263717800168e-05
Vein_Distance_tortuosity_zone_c^2 CRAE_Knudtson_zone_c,-0.0008412667518769013
Vein_Distance_tortuosity_zone_c^2 CRVE_Knudtson_zone_c,0.0005707108889794199
Vein_Distance_tortuosity_zone_c^2 AVR_Knudtson_zone_c,0.22591584130240383
Vein_Distance_tortuosity_zone_c CRAE_Knudtson_zone_c^2,0.0001719348980770974
Vein_Distance_tortuosity_zone_c CRAE_Knudtson_zone_c CRVE_Knudtson_zone_c,-0.0001571293040569799
Vein_Distance_tortuosity_zone_c CRAE_Knudtson_zone_c AVR_Knudtson_zone_c,-0.09255837449243742
Vein_Distance_tortuosity_zone_c CRVE_Knudtson_zone_c^2,3.0532395612681285e-05
Vein_Distance_tortuosity_zone_c CRVE_Knudtson_zone_c AVR_Knudtson_zone_c,-0.01597688313120349
Vein_Distance_tortuosity_zone_c AVR_Knudtson_zone_c^2,12.170596726755576
CRAE_Knudtson_zone_c^3,4.809964468677208e-05
CRAE_Knudtson_zone_c^2 CRVE_Knudtson_zone_c,-6.530894138734311e-05
CRAE_Knudtson_zone_c^2 AVR_Knudtson_zone_c,-0.02850904822102507
CRAE_Knudtson_zone_c CRVE_Knudtson_zone_c^2,2.403127720640441e-05
CRAE_Knudtson_zone_c CRVE_Knudtson_zone_c AVR_Knudtson_zone_c,0.019990843516126233
CRAE_Knudtson_zone_c AVR_Knudtson_zone_c^2,4.569364076150251
CRVE_Knudtson_zone_c^3,-1.0830640917447454e-06
CRVE_Knudtson_zone_c^2 AVR_Knudtson_zone_c,-0.0019127589399872136
CRVE_Knudtson_zone_c AVR_Knudtson_zone_c^2,-2.9192709916670805
AVR_Knudtson_zone_c^3,-110.78494540397041
